ID,title,description,startDate,endDate,targetAmount,unit,status,responsiblePerson,remarks
1,"2023年第一季度促销计划","针对新客户的促销活动，提供产品折扣","2023-01-01","2023-03-31",1000,"件","completed","张三","活动非常成功，超额完成目标"
2,"2023年夏季大促","针对所有客户的夏季大促销活动","2023-06-01","2023-08-31",1500,"件","completed","李四","活动中期需要加强营销力度"
3,"2023年双十一促销","双十一活动特别促销","2023-11-01","2023-11-12",2000,"件","completed","王五","需要提前备货"
4,"2023年年末清仓","年末库存清理促销","2023-12-15","2023-12-31",800,"件","completed","赵六","主要针对滞销品"
5,"2024年春节促销","春节期间特别促销活动","2024-01-15","2024-02-15",1200,"件","inProgress","张三","需要制作特别的促销素材"
6,"2024年第二季度促销计划","针对老客户的促销活动","2024-04-01","2024-06-30",1800,"件","draft","李四","计划中，细节待定" 